Model,Out_Of_Sample_R2
Base CIR (EKF),0.9121911418638492
CIR++ (Static),0.861784537099775
Two-Factor CIR,0.9270161545053913
